Category,skills
Business Analyst,Excel
Business Analyst,Business Analysis
Business Analyst,Business Analyst
Business Analyst,Stakeholder Management
Business Analyst,Project Management
Business Analyst,User Stories
Business Analyst,Acceptance Criteria
Business Analyst,UAT
Business Analyst,Problem Solving
Business Analyst,Microsoft Office
Business Analyst,Communication
Business Analyst,Training
Business Analyst,Excel
Business Analyst,Business Analyst
Business Analyst,User Stories
Business Analyst,Testing
Business Analyst,Communication
Business Analyst,Onboarding
Business Analyst,Git
Business Analyst,Business Analyst
Business Analyst,Agile
Business Analyst,User Stories
Business Analyst,Acceptance Criteria
Business Analyst,Excel
Business Analyst,Data Science
Business Analyst,Artificial Intelligence
Business Analyst,Git
Business Analyst,Business Analyst
Business Analyst,Project Management
Business Analyst,Agile
Business Analyst,JIRA
Business Analyst,Testing
Business Analyst,Excel
Business Analyst,R
Business Analyst,Data Analysis
Business Analyst,Business Analyst
Business Analyst,Project Management
Business Analyst,Training
Business Analyst,Excel
Business Analyst,Business Intelligence
Business Analyst,Git
Business Analyst,UAT
Business Analyst,Communication
Business Analyst,Excel
Business Analyst,Git
Business Analyst,Business Analyst
Business Analyst,Requirements Gathering
Business Analyst,Requirements Analysis
Business Analyst,Agile
Business Analyst,User Stories
Business Analyst,UAT
Business Analyst,Testing
Business Analyst,Microsoft Office
Business Analyst,Training
Business Analyst,Git
Business Analyst,Business Analyst
Business Analyst,Agile
Business Analyst,Scrum
Business Analyst,UAT
Business Analyst,Testing
Business Analyst,Communication
Business Analyst,Figma
Business Analyst,Business Analysis
Business Analyst,Business Analyst
Business Analyst,Quality Assurance
Business Analyst,Microsoft Office
Business Analyst,Excel
Business Analyst,Azure
Business Analyst,DevOps
Business Analyst,Business Analysis
Business Analyst,Business Analyst
Business Analyst,Agile
Business Analyst,JIRA
Business Analyst,User Stories
Business Analyst,Testing
Business Analyst,Excel
Business Analyst,Database
Business Analyst,Database
Business Analyst,Business Analysis
Business Analyst,Business Analyst
Business Analyst,Stakeholder Engagement
Business Analyst,Process Improvement
Business Analyst,Microsoft Office
Business Analyst,Communication
Business Analyst,Excel
Business Analyst,Business Intelligence
Business Analyst,Business Analysis
Business Analyst,Project Management
Business Analyst,JIRA
Business Analyst,Acceptance Criteria
Business Analyst,Testing
Business Analyst,Communication
Business Analyst,Training
Business Analyst,Excel
Business Analyst,UAT
Business Analyst,Training
Business Analyst,Excel
Business Analyst,Data Visualization
Business Analyst,Business Analysis
Business Analyst,Business Analyst
Business Analyst,Project Management
Business Analyst,Testing
Business Analyst,Quality Assurance
Business Analyst,Microsoft Office
Business Analyst,Communication
Business Analyst,Training
Business Analyst,Excel
Business Analyst,UAT
Business Analyst,Training
Business Analyst,Excel
Business Analyst,Tableau
Business Analyst,Data Visualization
Business Analyst,Data Science
Business Analyst,Git
Business Analyst,Business Analyst
Business Analyst,Communication
Business Analyst,Excel
Business Analyst,Business Intelligence
Business Analyst,Database
Business Analyst,Database
Business Analyst,Artificial Intelligence
Business Analyst,Git
Business Analyst,Big Data
Business Analyst,Business Analyst
Business Analyst,Agile
Business Analyst,UAT
Business Analyst,Quality Assurance
Business Analyst,Microsoft Office
Business Analyst,Communication
Business Analyst,Human Resources
Business Analyst,Excel
Business Analyst,HTML
Business Analyst,Business Analyst
Business Analyst,Agile
Business Analyst,User Stories
Business Analyst,Communication
Business Analyst,Training
Business Analyst,SQL
Business Analyst,Excel
Business Analyst,Business Analyst
Business Analyst,Agile
Business Analyst,Scrum
Business Analyst,Excel
Business Analyst,Communication
Business Analyst,Training
Business Analyst,Excel
Business Analyst,R
Business Analyst,Big Data
Business Analyst,Business Analysis
Business Analyst,Business Analyst
Business Analyst,Requirements Management
Business Analyst,Agile
Business Analyst,Scrum
Business Analyst,Communication
Business Analyst,Excel
Business Analyst,Business Analyst
Business Analyst,Requirements Gathering
Business Analyst,Process Improvement
Business Analyst,Agile
Business Analyst,User Stories
Business Analyst,Problem Solving
Business Analyst,Communication
Business Analyst,User Experience
Business Analyst,Training
Business Analyst,Excel
Business Analyst,Process Improvement
Business Analyst,Process Mapping
Business Analyst,Communication
Business Analyst,Excel
Business Analyst,Business Analysis
Business Analyst,Business Analyst
Business Analyst,UAT
Business Analyst,Communication
Business Analyst,User Experience
Business Analyst,Human Resources
Business Analyst,HR
Business Analyst,Training
Business Analyst,Excel
Business Analyst,HTML
Business Analyst,CSS
Business Analyst,Business Analyst
Business Analyst,Testing
Business Analyst,Communication
Business Analyst,User Experience
Business Analyst,Python
Business Analyst,R
Business Analyst,Statistics
Business Analyst,UAT
Business Analyst,Testing
Business Analyst,Communication
Business Analyst,Excel
Business Analyst,Business Analyst
Business Analyst,Project Management
Business Analyst,Agile
Business Analyst,Scrum
Business Analyst,JIRA
Business Analyst,Microsoft Office
Business Analyst,Communication
Business Analyst,SQL
Business Analyst,Excel
Business Analyst,Tableau
Business Analyst,Statistics
Business Analyst,Data Visualization
Business Analyst,Business Intelligence
Business Analyst,ETL
Business Analyst,Database
Business Analyst,Business Analysis
Cloud,Artificial Intelligence
Cloud,Training
Cloud,AWS
Cloud,CI/CD
Cloud,DevOps
Cloud,Cloud Computing
Cloud,Agile
Cloud,Scrum
Cloud,Git
Cloud,Agile
Cloud,Training
Cloud,Excel
Cloud,Machine Learning
Cloud,Artificial Intelligence
Cloud,Communication
Cloud,Python
Cloud,Excel
Cloud,Java
Cloud,C#
Cloud,C
Cloud,AWS
Cloud,Azure
Cloud,Docker
Cloud,Kubernetes
Cloud,DevOps
Cloud,Agile
Cloud,Testing
Cloud,Excel
Cloud,Machine Learning
Cloud,Artificial Intelligence
Cloud,AWS
Cloud,Azure
Cloud,DevOps
Cloud,Communication
Cloud,Python
Cloud,Excel
Cloud,Java
Cloud,JavaScript
Cloud,TypeScript
Cloud,Ruby
Cloud,AWS
Cloud,Docker
Cloud,Kubernetes
Cloud,Git
Cloud,CI/CD
Cloud,DevOps
Cloud,Linux
Cloud,Testing
Cloud,Communication
Cloud,Excel
Cloud,Business Analyst
Cloud,Project Management
Cloud,Agile
Cloud,Scrum
Cloud,JIRA
Cloud,Microsoft Office
Cloud,Communication
Cloud,Python
Cloud,Azure
Cloud,Docker
Cloud,Kubernetes
Cloud,Git
Cloud,CI/CD
Cloud,DevOps
Cloud,Terraform
Cloud,MongoDB
Cloud,Agile
Cloud,Scrum
Cloud,Testing
Cloud,Communication
Cloud,Python
Cloud,Data Science
Cloud,Data Engineering
Cloud,Java
Cloud,AWS
Cloud,Docker
Cloud,Kubernetes
Cloud,Terraform
Cloud,Spark
Cloud,Hadoop
Cloud,Kafka
Cloud,Big Data
Cloud,Process Improvement
Cloud,UAT
Cloud,Database
Cloud,Database
Cloud,Azure
Cloud,CI/CD
Cloud,SQL
Cloud,Database
Cloud,Database
Cloud,Azure
Cloud,Git
Cloud,GitHub
Cloud,CI/CD
Cloud,DevOps
Cloud,Terraform
Cloud,Communication
Cloud,Database
Cloud,Communication
Cloud,Training
Cloud,SQL
Cloud,Database
Cloud,Database
Cloud,C++
Cloud,C
Cloud,AWS
Cloud,Azure
Cloud,GCP
Cloud,Docker
Cloud,Kubernetes
Cloud,Linux
Cloud,Cloud Computing
Cloud,MongoDB
Cloud,Training
Cloud,Excel
Cloud,Git
Cloud,Testing
Cloud,Communication
Cloud,UI/UX
Cloud,UI Design
Cloud,User Experience
Cloud,User Interface
Cloud,Figma
Cloud,Excel
Cloud,AWS
Cloud,Testing
Cloud,Training
Cloud,SQL
Cloud,Java
Cloud,JavaScript
Cloud,HTML
Cloud,CSS
Cloud,PHP
Cloud,Docker
Cloud,Git
Cloud,Linux
Cloud,MySQL
Cloud,Python
Cloud,SQL
Cloud,Excel
Cloud,Database
Cloud,Database
Cloud,C++
Cloud,C
Cloud,AWS
Cloud,Azure
Cloud,Git
Cloud,CI/CD
Cloud,PostgreSQL
Cloud,MySQL
Cloud,Redis
Cloud,Kafka
Cloud,Testing
Cloud,Communication
Cloud,SQL
Cloud,Excel
Cloud,Database
Cloud,Database
Cloud,Machine Learning
Cloud,Java
Cloud,JavaScript
Cloud,TypeScript
Cloud,AWS
Cloud,Git
Cloud,GitHub
Cloud,Testing
Cloud,Communication
Data Scientist,Python
Data Scientist,Excel
Data Scientist,R
Data Scientist,Data Analysis
Data Scientist,Data Science
Data Scientist,Machine Learning
Data Scientist,Artificial Intelligence
Data Scientist,Communication
Data Scientist,Python
Data Scientist,R
Data Scientist,Data Science
Data Scientist,ETL
Data Scientist,Data Mining
Data Scientist,Java
Data Scientist,JavaScript
Data Scientist,C
Data Scientist,Spark
Data Scientist,Python
Data Scientist,SQL
Data Scientist,Statistics
Data Scientist,Data Analysis
Data Scientist,Data Mining
Data Scientist,Machine Learning
Data Scientist,NLP
Data Scientist,TensorFlow
Data Scientist,PyTorch
Data Scientist,Scikit-learn
Data Scientist,AWS
Data Scientist,Azure
Data Scientist,GCP
Data Scientist,Agile
Data Scientist,Communication
Data Scientist,Training
Data Scientist,Python
Data Scientist,SQL
Data Scientist,Statistics
Data Scientist,Data Visualization
Data Scientist,Database
Data Scientist,Machine Learning
Data Scientist,Linux
Data Scientist,Python
Data Scientist,SQL
Data Scientist,Pandas
Data Scientist,NumPy
Data Scientist,Statistics
Data Scientist,Data Analysis
Data Scientist,Data Science
Data Scientist,Business Intelligence
Data Scientist,Machine Learning
Data Scientist,NLP
Data Scientist,NLP
Data Scientist,TensorFlow
Data Scientist,PyTorch
Data Scientist,Scikit-learn
Data Scientist,AWS
Data Scientist,Azure
Data Scientist,Git
Data Scientist,Linux
Data Scientist,Spark
Data Scientist,Testing
Data Scientist,Python
Data Scientist,SQL
Data Scientist,R
Data Scientist,Statistics
Data Scientist,Data Analysis
Data Scientist,Data Science
Data Scientist,Machine Learning
Data Scientist,NLP
Data Scientist,Artificial Intelligence
Data Scientist,Artificial Intelligence
Data Scientist,Business Analysis
Data Scientist,Agile
Data Scientist,Python
Data Scientist,SQL
Data Scientist,R
Data Scientist,Data Science
Data Scientist,ETL
Data Scientist,Data Engineering
Data Scientist,Database
Data Scientist,Database
Data Scientist,Machine Learning
Data Scientist,Deep Learning
Data Scientist,NLP
Data Scientist,Artificial Intelligence
Data Scientist,Docker
Data Scientist,Kubernetes
Data Scientist,Git
Data Scientist,Problem Solving
Data Scientist,Python
Data Scientist,R
Data Scientist,Data Science
Data Scientist,ETL
Data Scientist,Data Mining
Data Scientist,Java
Data Scientist,JavaScript
Data Scientist,C
Data Scientist,Spark
Data Scientist,Python
Data Scientist,Excel
Data Scientist,R
Data Scientist,Pandas
Data Scientist,Statistics
Data Scientist,Data Analysis
Data Scientist,Data Science
Data Scientist,Database
Data Scientist,Machine Learning
Data Scientist,Communication
Data Scientist,Python
Data Scientist,SQL
Data Scientist,Tableau
Data Scientist,R
Data Scientist,Data Visualization
Data Scientist,Data Science
Data Scientist,Database
Data Scientist,Machine Learning
Data Scientist,Artificial Intelligence
Data Scientist,C++
Data Scientist,C
Data Scientist,Hadoop
Data Scientist,Big Data
Data Scientist,UAT
Data Scientist,Testing
Data Scientist,Training
Data Scientist,Statistics
Data Scientist,Data Analysis
Data Scientist,Data Visualization
Data Scientist,Data Science
Data Scientist,Data Mining
Data Scientist,Machine Learning
Data Scientist,Process Improvement
Data Scientist,Testing
Data Scientist,Python
Data Scientist,SQL
Data Scientist,Excel
Data Scientist,Data Science
Data Scientist,ETL
Data Scientist,Machine Learning
Data Scientist,Artificial Intelligence
Data Scientist,Artificial Intelligence
Data Scientist,MongoDB
Data Scientist,Redis
Data Scientist,Big Data
Data Scientist,Communication
Data Scientist,Python
Data Scientist,Stakeholder Management
Data Scientist,Agile
Data Scientist,Scrum
Data Scientist,Training
Data Scientist,Python
Data Scientist,SQL
Data Scientist,Tableau
Data Scientist,Statistics
Data Scientist,Data Science
Data Scientist,Machine Learning
Data Scientist,C
Data Scientist,Git
Data Scientist,Communication
Data Scientist,Python
Data Scientist,Excel
Data Scientist,R
Data Scientist,Pandas
Data Scientist,Statistics
Data Scientist,Data Science
Data Scientist,Data Mining
Data Scientist,Database
Data Scientist,Machine Learning
Data Scientist,Deep Learning
Data Scientist,NLP
Data Scientist,NLP
Data Scientist,Artificial Intelligence
Data Scientist,TensorFlow
Data Scientist,Java
Data Scientist,C++
Data Scientist,C
Data Scientist,Spark
Data Scientist,Hadoop
Data Scientist,Big Data
Data Scientist,Business Analyst
Data Scientist,Project Management
Data Scientist,UAT
Data Scientist,Quality Assurance
Data Scientist,Communication
Data Scientist,Python
Data Scientist,SQL
Data Scientist,Excel
Data Scientist,Data Science
Data Scientist,Machine Learning
Data Scientist,Artificial Intelligence
Data Scientist,TensorFlow
Data Scientist,PyTorch
Data Scientist,Scikit-learn
Data Scientist,UAT
Data Scientist,Training
Data Scientist,SQL
Data Scientist,Excel
Data Scientist,Statistics
Data Scientist,Data Science
Data Scientist,Git
Data Scientist,Project Management
Data Scientist,Agile
Data Scientist,Testing
Data Scientist,Communication
Data Scientist,Python
Data Scientist,SQL
Data Scientist,Tableau
Data Scientist,R
Data Scientist,Statistics
Data Scientist,Data Analysis
Data Scientist,Data Visualization
Data Scientist,Data Science
Data Scientist,Database
Data Scientist,Database
Data Scientist,Machine Learning
Data Scientist,AWS
Data Scientist,Azure
Data Scientist,Git
Data Scientist,GitHub
Data Scientist,Project Management
Data Scientist,UAT
Data Scientist,Communication
Data Scientist,Onboarding
Data Scientist,SQL
Data Scientist,Tableau
Data Scientist,Data Analysis
Data Scientist,Data Visualization
Data Scientist,Database
Data Scientist,Java
Data Scientist,JavaScript
Data Scientist,C#
Data Scientist,C
Data Scientist,HTML
Data Scientist,CSS
Data Scientist,SQL Server
Data Scientist,Agile
Data Scientist,Scrum
Data Scientist,Python
Data Scientist,SQL
Data Scientist,Excel
Data Scientist,R
Data Scientist,Pandas
Data Scientist,Statistics
Data Scientist,Data Analysis
Data Scientist,Data Science
Data Scientist,Database
Data Scientist,Database
Data Scientist,Java
Data Scientist,Spark
Data Scientist,Hadoop
Data Scientist,Agile
Data Scientist,Communication
Data Scientist,Python
Data Scientist,Pandas
Data Scientist,Data Science
Data Scientist,Machine Learning
Data Scientist,Artificial Intelligence
Data Scientist,TensorFlow
Data Scientist,Scikit-learn
Data Scientist,Computer Vision
Data Scientist,Git
Data Scientist,UAT
Data Scientist,Testing
Data Scientist,Quality Assurance
Data Scientist,Communication
Data Scientist,User Experience
Data Scientist,Recruitment
Data Scientist,Python
Data Scientist,SQL
Data Scientist,R
Data Scientist,Statistics
Data Scientist,Data Analysis
Data Scientist,Data Science
Data Scientist,Data Engineering
Data Scientist,Machine Learning
Data Scientist,Git
Data Scientist,Testing
Data Scientist,User Interface
Data Scientist,Onboarding
Data Scientist,Python
Data Scientist,SQL
Data Scientist,Statistics
Data Scientist,Data Science
Data Scientist,Machine Learning
Data Scientist,Artificial Intelligence
Data Scientist,Kafka
Data Scientist,Python
Data Scientist,Excel
Data Scientist,Power BI
Data Scientist,Tableau
Data Scientist,R
Data Scientist,Statistics
Data Scientist,Data Visualization
Data Scientist,Data Science
Data Scientist,Business Intelligence
Data Scientist,Machine Learning
Data Scientist,NLP
Data Scientist,Communication
Data Scientist,Python
Data Scientist,SQL
Data Scientist,Tableau
Data Scientist,Pandas
Data Scientist,NumPy
Data Scientist,Statistics
Data Scientist,Data Science
Data Scientist,Database
Data Scientist,Database
Data Scientist,MySQL
Data Scientist,SQL Server
Data Scientist,Communication
Data Scientist,Python
Data Scientist,Statistics
Data Scientist,Data Science
Data Scientist,Machine Learning
Data Scientist,Deep Learning
Data Scientist,TensorFlow
Data Scientist,AWS
Data Scientist,Azure
Data Scientist,Python
Data Scientist,SQL
Data Scientist,Data Science
Data Scientist,Database
Data Scientist,Database
Data Scientist,Machine Learning
Data Scientist,Artificial Intelligence
Data Scientist,Java
Data Scientist,JavaScript
Data Scientist,AWS
Data Scientist,Agile
Data Scientist,Scrum
Data Scientist,UAT
Data Scientist,Problem Solving
Data Scientist,SQL
Data Scientist,Excel
Data Scientist,Data Analysis
Data Scientist,Data Science
Data Scientist,Git
Data Scientist,Project Management
Data Scientist,Agile
Data Scientist,Testing
Data Scientist,Communication
Data Scientist,Python
Data Scientist,SQL
Data Scientist,Excel
Data Scientist,Statistics
Data Scientist,Data Analysis
Data Scientist,Data Visualization
Data Scientist,Data Science
Data Scientist,Machine Learning
Data Scientist,Artificial Intelligence
Data Scientist,Git
Data Scientist,UAT
Data Scientist,Testing
Data Scientist,Communication
Data Scientist,Python
Data Scientist,SQL
Data Scientist,R
Data Scientist,Statistics
Data Scientist,Data Science
Data Scientist,Database
Data Scientist,Database
Data Scientist,Artificial Intelligence
Data Scientist,TensorFlow
Data Scientist,PyTorch
Data Scientist,Scikit-learn
Data Scientist,AWS
Data Scientist,Azure
Data Scientist,Docker
Data Scientist,Kubernetes
Data Scientist,Git
Data Scientist,Cloud Computing
Data Scientist,Spark
Data Scientist,Hadoop
Data Scientist,Stakeholder Management
Data Scientist,Process Mapping
Data Scientist,Agile
Data Scientist,Excel
Data Scientist,Data Science
Data Scientist,Machine Learning
Data Scientist,Artificial Intelligence
Data Scientist,C
Data Scientist,Communication
Data Scientist,Training
Data Scientist,Python
Data Scientist,SQL
Data Scientist,Data Science
Data Scientist,ETL
Data Scientist,Machine Learning
Data Scientist,Artificial Intelligence
Data Scientist,Java
Data Scientist,Azure
Data Scientist,Spark
Data Scientist,Communication
Data Scientist,Python
Data Scientist,SQL
Data Scientist,Excel
Data Scientist,Tableau
Data Scientist,Data Visualization
Data Scientist,ETL
Data Scientist,Data Engineering
Data Scientist,Database
Data Scientist,Database
Data Scientist,Machine Learning
Data Scientist,Java
Data Scientist,AWS
Data Scientist,Azure
Data Scientist,GCP
Data Scientist,Cloud Computing
Data Scientist,PostgreSQL
Data Scientist,MySQL
Data Scientist,Redis
Data Scientist,Spark
Data Scientist,Hadoop
Data Scientist,Kafka
Data Scientist,Communication
Data Scientist,Python
Data Scientist,Pandas
Data Scientist,NumPy
Data Scientist,Machine Learning
Data Scientist,Deep Learning
Data Scientist,Artificial Intelligence
Data Scientist,TensorFlow
Data Scientist,PyTorch
Data Scientist,Scikit-learn
Data Scientist,Neural Networks
Data Scientist,Computer Vision
Data Scientist,AWS
Data Scientist,Docker
Data Scientist,Kubernetes
Data Scientist,Git
Data Scientist,Linux
Data Scientist,Spark
Data Scientist,Training
Data Scientist,Python
Data Scientist,Statistics
Data Scientist,Data Analysis
Data Scientist,Data Science
Data Scientist,Machine Learning
Data Scientist,Deep Learning
Data Scientist,Artificial Intelligence
Data Scientist,TensorFlow
Data Scientist,PyTorch
Data Scientist,Java
Data Scientist,JavaScript
Data Scientist,C++
Data Scientist,C
Data Scientist,Problem Solving
Data Scientist,Communication
Data Scientist,Training
Data Scientist,Python
Data Scientist,Excel
Data Scientist,R
Data Scientist,Data Analysis
Data Scientist,Data Visualization
Data Scientist,Data Science
Data Scientist,Data Mining
Data Scientist,AWS
Data Scientist,Cloud Computing
Data Scientist,Microsoft Office
Data Scientist,Communication
Data Scientist,Human Resources
Data Scientist,HR
Data Scientist,Training
Data Scientist,Python
Data Scientist,SQL
Data Scientist,Data Engineering
Data Scientist,Database
Data Scientist,Database
Data Scientist,AWS
Data Scientist,MongoDB
Data Scientist,Communication
Data Scientist,Python
Data Scientist,SQL
Data Scientist,Excel
Data Scientist,Power BI
Data Scientist,Tableau
Data Scientist,Data Analysis
Data Scientist,Data Visualization
Data Scientist,Data Science
Data Scientist,Business Intelligence
Data Scientist,AWS
Data Scientist,Communication
Data Scientist,Training
Data Scientist,Statistics
Data Scientist,Data Science
Data Scientist,Machine Learning
Data Scientist,Artificial Intelligence
Data Scientist,TensorFlow
Data Scientist,PyTorch
Data Scientist,Scikit-learn
Data Scientist,Azure
Data Scientist,CI/CD
Data Scientist,DevOps
Data Scientist,UAT
Data Scientist,Testing
Data Scientist,Training
Data Scientist,Excel
Data Scientist,Data Analysis
Data Scientist,Data Science
Data Scientist,Database
Data Scientist,Machine Learning
Data Scientist,Git
Data Scientist,Project Management
Data Scientist,Process Mapping
Data Scientist,UAT
Data Scientist,Communication
Data Scientist,Data Engineering
Data Scientist,AWS
Data Scientist,MongoDB
Data Scientist,Excel
Data Scientist,Business Intelligence
Data Scientist,Database
Data Scientist,Database
Data Scientist,Artificial Intelligence
Data Scientist,Git
Data Scientist,Big Data
Data Scientist,Business Analyst
Data Scientist,Agile
Data Scientist,UAT
Data Scientist,Quality Assurance
Data Scientist,Microsoft Office
Data Scientist,Communication
Data Scientist,Human Resources
Data Scientist,Excel
Data Scientist,Data Analysis
Data Scientist,UAT
Data Scientist,Problem Solving
Data Scientist,UI/UX
Data Scientist,Python
Data Scientist,SQL
Data Scientist,Excel
Data Scientist,Pandas
Data Scientist,NumPy
Data Scientist,Statistics
Data Scientist,Data Analysis
Data Scientist,Data Visualization
Data Scientist,Data Science
Data Scientist,Machine Learning
Data Scientist,Spark
Data Scientist,Big Data
Data Scientist,UAT
Data Scientist,Communication
Data Scientist,Prototyping
Data Scientist,Onboarding
Data Scientist,Python
Data Scientist,SQL
Data Scientist,Excel
Data Scientist,R
Data Scientist,Data Analysis
Data Scientist,Data Visualization
Data Scientist,Data Science
Data Scientist,Database
Data Scientist,Python
Data Scientist,Excel
Data Scientist,Data Science
Data Scientist,Machine Learning
Data Scientist,Artificial Intelligence
Data Scientist,Artificial Intelligence
Data Scientist,AWS
Data Scientist,Azure
Data Scientist,Linux
Data Scientist,MongoDB
Data Scientist,Python
Data Scientist,SQL
Data Scientist,Data Science
Data Scientist,Database
Data Scientist,Database
Data Scientist,Machine Learning
Data Scientist,Artificial Intelligence
Data Scientist,Java
Data Scientist,Azure
Data Scientist,Spark
Data Scientist,Hadoop
Data Scientist,Kafka
Data Scientist,Big Data
Data Scientist,Communication
Data Scientist,SQL
Data Scientist,Statistics
Data Scientist,Data Analysis
Data Scientist,Data Science
Data Scientist,Business Intelligence
Data Scientist,Database
Data Scientist,Database
Data Scientist,Machine Learning
Data Scientist,Git
Data Scientist,UAT
Data Scientist,Communication
Data Scientist,Git
Data Scientist,Project Management
Data Scientist,Excel
Data Scientist,Data Science
Data Scientist,Data Engineering
Data Scientist,Machine Learning
Data Scientist,Agile
Data Scientist,User Stories
Data Scientist,Acceptance Criteria
Data Scientist,Testing
Data Scientist,Communication
Data Scientist,Python
Data Scientist,SQL
Data Scientist,Tableau
Data Scientist,R
Data Scientist,Statistics
Data Scientist,Data Science
Data Scientist,Project Management
Data Scientist,Problem Solving
Data Scientist,Communication
Data Scientist,SQL
Data Scientist,Excel
Data Scientist,Power BI
Data Scientist,Tableau
Data Scientist,Statistics
Data Scientist,Data Analysis
Data Scientist,Data Visualization
Data Scientist,Data Science
Data Scientist,ETL
Data Scientist,Azure
Data Scientist,Quality Assurance
Data Scientist,Communication
Data Scientist,Training
Data Scientist,Python
Data Scientist,SQL
Data Scientist,R
Data Scientist,Statistics
Data Scientist,Data Science
Data Scientist,Database
Data Scientist,Database
Data Scientist,MySQL
Data Scientist,Stakeholder Management
Data Scientist,UAT
Data Scientist,Problem Solving
Data Scientist,Training
Data Scientist,Python
Data Scientist,SQL
Data Scientist,Database
Data Scientist,Database
Data Scientist,AWS
Data Scientist,Communication
HR,Excel
HR,Data Analysis
HR,AWS
HR,Communication
HR,HR
HR,Payroll
HR,Onboarding
HR,Excel
HR,UAT
HR,Communication
HR,Talent Acquisition
HR,Human Resources
HR,HR
HR,Performance Management
HR,Training
HR,UAT
HR,Communication
HR,Excel
HR,UAT
HR,Communication
HR,Recruitment
HR,Human Resources
HR,HR
HR,Employee Relations
HR,Performance Management
HR,Training
HR,Excel
HR,Git
HR,Project Management
HR,Agile
HR,Communication
HR,HR
HR,Employee Relations
HR,Payroll
HR,Onboarding
HR,Training
HR,C
HR,Git
HR,Excel
HR,AWS
HR,Communication
HR,Recruitment
HR,Talent Acquisition
HR,Human Resources
HR,HR
HR,Employee Relations
HR,Performance Management
HR,Onboarding
HR,Training
HR,Excel
HR,Git
HR,Communication
HR,Recruitment
HR,Talent Acquisition
HR,Human Resources
HR,HR
HR,Performance Management
HR,Training
HR,Excel
HR,Database
HR,Database
HR,Artificial Intelligence
HR,Communication
HR,HR
HR,Excel
HR,Project Management
HR,Problem Solving
HR,Communication
HR,HR
HR,Employee Relations
HR,Performance Management
HR,Training
HR,UAT
HR,Human Resources
HR,HR
HR,Payroll
HR,Excel
HR,AWS
HR,Communication
HR,Recruitment
HR,Human Resources
HR,HR
HR,Employee Relations
HR,Performance Management
HR,Training
HR,Excel
HR,Git
HR,Testing
HR,Communication
HR,UI/UX
HR,UI Design
HR,User Experience
HR,User Interface
HR,Figma
HR,Communication
HR,Recruitment
HR,Talent Acquisition
HR,HR
HR,Excel
HR,AWS
HR,UAT
HR,Communication
HR,HR
HR,Excel
HR,Excel
HR,C
HR,Communication
HR,HR
HR,Excel
HR,UAT
HR,Communication
HR,Human Resources
HR,HR
HR,Performance Management
HR,Payroll
HR,Training
HR,SQL
HR,Java
HR,JavaScript
HR,HTML
HR,CSS
HR,PHP
HR,Docker
HR,Git
HR,Linux
HR,MySQL
HR,Azure
HR,DevOps
HR,Agile
HR,Scrum
HR,JIRA
HR,Communication
HR,Excel
HR,Communication
HR,HR
HR,Onboarding
HR,Azure
HR,DevOps
HR,Agile
HR,Scrum
HR,JIRA
HR,Problem Solving
HR,Communication
HR,Training
Software Developer,Ruby
Software Developer,Project Management
Software Developer,Agile
Software Developer,Testing
Software Developer,Python
Software Developer,SQL
Software Developer,Database
Software Developer,Database
Software Developer,C++
Software Developer,C
Software Developer,Linux
Software Developer,SQL
Software Developer,Java
Software Developer,JavaScript
Software Developer,TypeScript
Software Developer,MySQL
Software Developer,Python
Software Developer,Excel
Software Developer,C++
Software Developer,C
Software Developer,Linux
Software Developer,Testing
Software Developer,Communication
Software Developer,Python
Software Developer,Requirements Gathering
Software Developer,Testing
Software Developer,Communication
Software Developer,SQL
Software Developer,ETL
Software Developer,Database
Software Developer,Database
Software Developer,Java
Software Developer,CI/CD
Software Developer,MongoDB
Software Developer,Testing
Software Developer,Communication
Software Developer,UI/UX
Software Developer,UX Design
Software Developer,SQL
Software Developer,C
Software Developer,HTML
Software Developer,CSS
Software Developer,AWS
Software Developer,Azure
Software Developer,GCP
Software Developer,Git
Software Developer,CI/CD
Software Developer,Quality Assurance
Software Developer,Communication
Software Developer,UI/UX
Software Developer,UX Design
Software Developer,Azure
Software Developer,CI/CD
Software Developer,Agile
Software Developer,SQL
Software Developer,Database
Software Developer,Database
Software Developer,C#
Software Developer,C
Software Developer,AWS
Software Developer,Docker
Software Developer,Kubernetes
Software Developer,Git
Software Developer,CI/CD
Software Developer,Agile
Software Developer,Testing
Software Developer,Python
Software Developer,Excel
Software Developer,Java
Software Developer,JavaScript
Software Developer,TypeScript
Software Developer,Ruby
Software Developer,Kubernetes
Software Developer,CI/CD
Software Developer,Agile
Software Developer,Communication
Software Developer,Training
Software Developer,SQL
Software Developer,Azure
Software Developer,CI/CD
Software Developer,Agile
Software Developer,Python
Software Developer,Java
Software Developer,JavaScript
Software Developer,Ruby
Software Developer,AWS
Software Developer,Azure
Software Developer,Kubernetes
Software Developer,Agile
Software Developer,Testing
Software Developer,Recruitment
Software Developer,Java
Software Developer,Git
Software Developer,Python
Software Developer,SQL
Software Developer,Excel
Software Developer,R
Software Developer,Artificial Intelligence
Software Developer,Computer Vision
Software Developer,C++
Software Developer,C
Software Developer,UAT
Software Developer,Communication
Software Developer,SQL
Software Developer,Excel
Software Developer,Database
Software Developer,Database
Software Developer,C#
Software Developer,C
Software Developer,Docker
Software Developer,Kubernetes
Software Developer,Git
Software Developer,Linux
Software Developer,MySQL
Software Developer,Oracle
Software Developer,SQL Server
Software Developer,Agile
Software Developer,Testing
Software Developer,Communication
Software Developer,UI/UX
Software Developer,Java
Software Developer,AWS
Software Developer,GCP
Software Developer,Kubernetes
Software Developer,Terraform
Software Developer,Testing
Software Developer,Python
Software Developer,R
Software Developer,Database
Software Developer,Java
Software Developer,TypeScript
Software Developer,C++
Software Developer,C
Software Developer,AWS
Software Developer,Azure
Software Developer,GCP
Software Developer,GCP
Software Developer,Docker
Software Developer,Kubernetes
Software Developer,CI/CD
Software Developer,Linux
Software Developer,Terraform
Software Developer,Spark
Software Developer,Hadoop
Software Developer,Kafka
Software Developer,Testing
Software Developer,Communication
Software Developer,User Experience
Software Developer,SQL
Software Developer,Database
Software Developer,Database
Software Developer,C#
Software Developer,C
Software Developer,AWS
Software Developer,Docker
Software Developer,Git
Software Developer,CI/CD
Software Developer,DevOps
Software Developer,Agile
Software Developer,Testing
Software Developer,SQL
Software Developer,Database
Software Developer,Java
Software Developer,JavaScript
Software Developer,TypeScript
Software Developer,C#
Software Developer,C
Software Developer,HTML
Software Developer,CSS
Software Developer,AWS
Software Developer,Git
Software Developer,GitHub
Software Developer,MySQL
Software Developer,Project Management
Software Developer,Agile
Software Developer,UAT
Software Developer,Quality Assurance
Software Developer,Artificial Intelligence
Software Developer,Requirements Gathering
Software Developer,Process Improvement
Software Developer,Scrum
Software Developer,Testing
Software Developer,Quality Assurance
Software Developer,SQL
Software Developer,Java
Software Developer,JavaScript
Software Developer,C#
Software Developer,C
Software Developer,DevOps
Software Developer,Agile
Software Developer,Scrum
Software Developer,UAT
Software Developer,Testing
Software Developer,Problem Solving
Software Developer,Communication
Software Developer,SQL
Software Developer,Database
Software Developer,Database
Software Developer,Java
Software Developer,UAT
Software Developer,Testing
Software Developer,Training
Software Developer,Project Management
Software Developer,Communication
Software Developer,Training
Software Developer,SQL
Software Developer,Database
Software Developer,Database
Software Developer,Java
Software Developer,JavaScript
Software Developer,C#
Software Developer,C
Software Developer,HTML
Software Developer,CSS
Software Developer,Azure
Software Developer,PostgreSQL
Software Developer,Agile
Software Developer,Scrum
Software Developer,User Stories
Software Developer,Testing
Software Developer,Python
Software Developer,Excel
Software Developer,Statistics
Software Developer,Data Science
Software Developer,Data Engineering
Software Developer,Machine Learning
Software Developer,Artificial Intelligence
Software Developer,Git
Software Developer,CI/CD
Software Developer,DevOps
Software Developer,Testing
Software Developer,Prototyping
Software Developer,Training
Software Developer,Excel
Software Developer,Java
Software Developer,Git
Software Developer,Testing
Software Developer,C#
Software Developer,C
Software Developer,Communication
Software Developer,Training
Software Developer,Machine Learning
Software Developer,Artificial Intelligence
Software Developer,Training
Software Developer,Excel
Software Developer,Database
Software Developer,Database
Software Developer,Java
Software Developer,JavaScript
Software Developer,C++
Software Developer,C
Software Developer,Git
Software Developer,Agile
Software Developer,UAT
Software Developer,Communication
Software Developer,Excel
Software Developer,C++
Software Developer,C
Software Developer,Linux
Software Developer,Communication
Software Developer,SQL
Software Developer,Excel
Software Developer,Database
Software Developer,Database
Software Developer,PHP
Software Developer,MySQL
Software Developer,Agile
Software Developer,Scrum
Software Developer,UAT
Software Developer,Communication
Software Developer,SQL
Software Developer,Excel
Software Developer,Database
Software Developer,Database
Software Developer,Kubernetes
Software Developer,CI/CD
Software Developer,Communication
Software Developer,Python
Software Developer,Excel
Software Developer,ETL
Software Developer,Machine Learning
Software Developer,Artificial Intelligence
Software Developer,AWS
Software Developer,Docker
Software Developer,Kubernetes
Software Developer,DevOps
Software Developer,Linux
Software Developer,Communication
Software Developer,C#
Software Developer,C
Software Developer,Azure
Software Developer,Java
Software Developer,JavaScript
Software Developer,C#
Software Developer,C
Software Developer,Azure
Software Developer,Git
Software Developer,DevOps
Software Developer,Agile
Software Developer,JIRA
Software Developer,Testing
Software Developer,TypeScript
Software Developer,CI/CD
Software Developer,DevOps
Software Developer,Testing
Software Developer,Database
Software Developer,C++
Software Developer,C
Software Developer,Linux
Software Developer,Problem Solving
Software Developer,Communication
Software Developer,Python
Software Developer,SQL
Software Developer,Database
Software Developer,Database
Software Developer,C++
Software Developer,C
Software Developer,Docker
Software Developer,Git
Software Developer,CI/CD
Software Developer,Linux
Software Developer,Agile
Software Developer,JIRA
Software Developer,SQL
Software Developer,Excel
Software Developer,Database
Software Developer,Artificial Intelligence
Software Developer,PostgreSQL
Software Developer,MySQL
Software Developer,MongoDB
Software Developer,SQL
Software Developer,Excel
Software Developer,Artificial Intelligence
Software Developer,TypeScript
Software Developer,PostgreSQL
Software Developer,Redis
Software Developer,Communication
Software Developer,User Experience
Software Developer,Java
Software Developer,AWS
Software Developer,Docker
Software Developer,Kubernetes
Software Developer,Testing
Software Developer,Communication
Software Developer,Python
Software Developer,C++
Software Developer,C
Software Developer,Git
Software Developer,Linux
Software Developer,Agile
Software Developer,Testing
Software Developer,Communication
Software Developer,Java
Software Developer,AWS
Software Developer,GCP
Software Developer,Kubernetes
Software Developer,Git
Software Developer,Terraform
Software Developer,Testing
Software Developer,Excel
Software Developer,Artificial Intelligence
Software Developer,AWS
Software Developer,CI/CD
Software Developer,DevOps
Software Developer,UAT
Software Developer,Communication
Software Developer,SQL
Software Developer,Excel
Software Developer,ETL
Software Developer,Database
Software Developer,Database
Software Developer,Git
Software Developer,DevOps
Software Developer,Big Data
Software Developer,Project Management
Software Developer,Agile
Software Developer,Testing
Software Developer,HR
Software Developer,SQL
Software Developer,Excel
Software Developer,Database
Software Developer,Database
Software Developer,Java
Software Developer,JavaScript
Software Developer,TypeScript
Software Developer,C#
Software Developer,C
Software Developer,PHP
Software Developer,MySQL
Software Developer,Agile
Software Developer,Scrum
Software Developer,UAT
Software Developer,Testing
Software Developer,Communication
Software Developer,Python
Software Developer,SQL
Software Developer,Excel
Software Developer,Database
Software Developer,Database
Software Developer,C++
Software Developer,C
Software Developer,AWS
Software Developer,Azure
Software Developer,Git
Software Developer,PostgreSQL
Software Developer,MySQL
Software Developer,Redis
Software Developer,Kafka
Software Developer,Testing
Software Developer,Communication
Software Developer,Java
Software Developer,Agile
Software Developer,Scrum
Software Developer,Problem Solving
Software Developer,SQL
Software Developer,Database
Software Developer,Database
Software Developer,PHP
Software Developer,Docker
Software Developer,Git
Software Developer,CI/CD
Software Developer,Linux
Software Developer,MySQL
Software Developer,Redis
Software Developer,Agile
Software Developer,Testing
Software Developer,Excel
Software Developer,Java
Software Developer,JavaScript
Software Developer,C#
Software Developer,C
Software Developer,Agile
Software Developer,Scrum
Software Developer,UAT
Software Developer,Testing
Software Developer,Communication
Software Developer,SQL
Software Developer,Database
Software Developer,Database
Software Developer,Java
Software Developer,Redis
Software Developer,Testing
Software Developer,Python
Software Developer,Java
Software Developer,JavaScript
Software Developer,TypeScript
Software Developer,AWS
Software Developer,Azure
Software Developer,Docker
Software Developer,Kubernetes
Software Developer,SQL
Software Developer,Database
Software Developer,C#
Software Developer,C
Software Developer,SQL Server
Software Developer,Excel
Software Developer,HTML
Software Developer,Business Analyst
Software Developer,Agile
Software Developer,User Stories
Software Developer,Communication
Software Developer,Training
Software Developer,GCP
Software Developer,Testing
Software Developer,Python
Software Developer,Java
Software Developer,JavaScript
Software Developer,C++
Software Developer,C
Software Developer,DevOps
Software Developer,Business Analyst
Software Developer,SQL
Software Developer,Excel
Software Developer,Database
Software Developer,Database
Software Developer,Machine Learning
Software Developer,Java
Software Developer,JavaScript
Software Developer,TypeScript
Software Developer,AWS
Software Developer,Git
Software Developer,GitHub
Software Developer,Testing
Software Developer,Communication
Software Developer,Excel
Software Developer,Process Improvement
Software Developer,Agile
Software Developer,Quality Assurance
Software Developer,Training
Software Developer,Excel
Software Developer,Agile
Software Developer,Testing
Software Developer,Communication
Software Developer,Excel
Software Developer,Artificial Intelligence
Software Developer,HTML
Software Developer,CSS
Software Developer,AWS
Software Developer,Git
Software Developer,GitHub
Software Developer,CI/CD
Software Developer,Communication
Software Developer,User Experience
Software Developer,Excel
Software Developer,UAT
Software Developer,Problem Solving
Software Developer,Communication
Software Developer,SQL
Software Developer,Excel
Software Developer,C#
Software Developer,C
Software Developer,PHP
Software Developer,Git
Software Developer,Agile
Software Developer,UAT
Software Developer,UX Design
Software Developer,Excel
Software Developer,Machine Learning
Software Developer,Artificial Intelligence
Software Developer,AWS
Software Developer,Azure
Software Developer,DevOps
Software Developer,Communication
Software Developer,Excel
Software Developer,C
Software Developer,DevOps
Software Developer,Agile
Software Developer,Scrum
Software Developer,Problem Solving
Software Developer,Communication
Software Developer,Training
Software Developer,Python
Software Developer,Excel
Software Developer,Database
Software Developer,Database
Software Developer,AWS
Software Developer,Testing
Software Developer,Quality Assurance
Software Developer,SQL
Software Developer,Excel
Software Developer,Java
Software Developer,JavaScript
Software Developer,GCP
Software Developer,Redis
Software Developer,Kafka
Software Developer,Onboarding
Software Developer,SQL
Software Developer,Database
Software Developer,Java
Software Developer,JavaScript
Software Developer,C#
Software Developer,C
Software Developer,HTML
Software Developer,Azure
Software Developer,Docker
Software Developer,Git
Software Developer,CI/CD
Software Developer,Testing
Software Developer,Python
Software Developer,Excel
Software Developer,Ruby
Software Developer,AWS
Software Developer,Azure
Software Developer,GCP
Software Developer,Kubernetes
Software Developer,Git
Software Developer,GitHub
Software Developer,CI/CD
Software Developer,DevOps
Software Developer,Linux
Software Developer,Terraform
Software Developer,Communication
Software Developer,Ruby
Software Developer,AWS
Software Developer,Git
Software Developer,Process Improvement
Software Developer,SQL
Software Developer,Java
Software Developer,JavaScript
Software Developer,C#
Software Developer,C
Software Developer,CSS
Software Developer,DevOps
Software Developer,SQL Server
Software Developer,Agile
Software Developer,Scrum
Software Developer,UAT
Software Developer,Testing
Software Developer,Excel
Software Developer,R
Software Developer,Git
Software Developer,GitHub
Software Developer,Agile
Software Developer,Testing
Software Developer,Communication
Software Developer,C++
Software Developer,C
Software Developer,Git
Software Developer,Agile
Software Developer,JIRA
Software Developer,UAT
Software Developer,Communication
Software Developer,Java
Software Developer,JavaScript
Software Developer,C
Software Developer,DevOps
Software Developer,Excel
Software Developer,Machine Learning
Software Developer,Artificial Intelligence
Software Developer,Java
Software Developer,JavaScript
Software Developer,C
Software Developer,Communication
Software Developer,Training
Software Developer,Java
Software Developer,JavaScript
Software Developer,Ruby
Software Developer,Testing
Software Developer,Communication
Software Developer,C
Software Developer,Git
Software Developer,UAT
Software Developer,Communication
Software Developer,Excel
Software Developer,Project Management
Software Developer,Agile
Software Developer,Scrum
Software Developer,Communication
Software Developer,Training
Software Developer,SQL
Software Developer,Database
Software Developer,Database
Software Developer,Java
Software Developer,AWS
Software Developer,Azure
Software Developer,GCP
Software Developer,Docker
Software Developer,Git
Software Developer,Agile
Software Developer,Scrum
Software Developer,UAT
Software Developer,Testing
Software Developer,HTML
Software Developer,Git
Software Developer,Communication
Software Developer,User Experience
Software Developer,User Interface
Software Developer,Python
Software Developer,Machine Learning
Software Developer,Deep Learning
Software Developer,NLP
Software Developer,Artificial Intelligence
Software Developer,TensorFlow
Software Developer,Computer Vision
Software Developer,C++
Software Developer,C
Software Developer,UAT
Software Developer,Excel
Software Developer,C++
Software Developer,C
Software Developer,Git
Software Developer,DevOps
Software Developer,Linux
Software Developer,Testing
Software Developer,Communication
Software Developer,Prototyping
UI/UX,Excel
UI/UX,Java
UI/UX,JavaScript
UI/UX,HTML
UI/UX,CSS
UI/UX,Git
UI/UX,Testing
UI/UX,Communication
UI/UX,UI/UX
UI/UX,UX Design
UI/UX,User Experience
UI/UX,User Interface
UI/UX,Figma
UI/UX,Adobe XD
UI/UX,Prototyping
UI/UX,Usability Testing
UI/UX,HTML
UI/UX,CSS
UI/UX,Agile
UI/UX,User Stories
UI/UX,Testing
UI/UX,UI/UX
UI/UX,UX Design
UI/UX,User Experience
UI/UX,User Interface
UI/UX,Figma
UI/UX,Usability Testing
UI/UX,HTML
UI/UX,CSS
UI/UX,Git
UI/UX,UAT
UI/UX,Testing
UI/UX,Communication
UI/UX,UI/UX
UI/UX,UX Design
UI/UX,User Experience
UI/UX,User Interface
UI/UX,Figma
UI/UX,Adobe XD
UI/UX,Prototyping
UI/UX,UAT
UI/UX,Communication
UI/UX,UI/UX
UI/UX,UX Design
UI/UX,User Interface
UI/UX,Excel
UI/UX,Git
UI/UX,Communication
UI/UX,UI/UX
UI/UX,UX Design
UI/UX,User Experience
